<!-- 
    This file defines all vendors of J2ME devices.

    Copyright (c) 2004 Robert Virkus / Enough Software

    This file is part of J2ME Polish.

    J2ME Polish is free software; you can redistribute it and/or modify
    it under the terms of the GNU General Public License as published by
    the Free Software Foundation; either version 2 of the License, or
    (at your option) any later version.

    J2ME Polish is distributed in the hope that it will be useful,
    but WITHOUT ANY WARRANTY; without even the implied warranty of
    MERCHANTABILITY or FITNESS FOR A PARTICULAR PURPOSE.  See the
    GNU General Public License for more details.

    You should have received a copy of the GNU General Public License
    along with Foobar; if not, write to the Free Software
    Foundation, Inc., 59 Temple Place, Suite 330, Boston, MA  02111-1307  USA

    Commercial licenses are also available, please
    refer to the accompanying LICENSE.txt or visit
    http://www.j2mepolish.org for details.
-->
<vendors>

	<vendor>
		<name>Nokia</name>
		<features></features>
		<capability name="colors.focus" value="0x0022DD" />
	</vendor>
	
	<vendor>
		<name>Siemens</name>
		<features></features>
	</vendor>
	
	<vendor>
		<name>Motorola</name>
		<features></features>
	</vendor>
	
	<vendor>
		<name>Sony-Ericsson</name>
		<features></features>
	</vendor>
	
	<vendor>
		<name>Samsung</name>
		<features></features>
	</vendor>

	<vendor>
		<name>Generic</name>
		<features></features>
	</vendor>

</vendors>