<!-- here are the definitions of all supported J2ME devices -->
<!-- the format is not totally clear so far, it might be that the 
      xml format used in the J2EE client provisioning mechanism
      is a more flexible approach, even though it is not really
      human readable anymore (everything is just a capability) 
      -->
<devices>
<!-- some user agents:
Ericsson T68 SonyEricssonT68
Motorola T720 MOT-T720
Nokia 3100 Nokia3100
Nokia 3200 Nokia3200
Nokia 3650 Nokia3650
Nokia 5100 Nokia5100
Nokia 6100 Nokia6100
Nokia 6610 Nokia6610
Nokia 6800 Nokia6800
Nokia 7210 Nokia7210
Nokia 7250 Nokia7250
Nokia 7650 Nokia7650
Nokia 3510i Nokia3510i
Samsung V200 SEC-SGHV200
Siemens M55 SIE-M55
Siemens S55 SIE-S55
Siemens SL55 SIE-SL55
Siemens SX1 SIE-SX1
SonyEricsso   P800 SonyEricssonP800
SonyEricsson P900 SonyEricssonP900
SonyEricsson T300 SonyEricssonT300
SonyEricsson T610 SonyEricssonT610
SonyEricsson T68i  SonyEricssonT68
-->
<!-- Standard devices -->
	<device>
		<identifier>
		    Generic/midp1
		</identifier>
		<capability name="SoftwarePlatform.JavaPlatform"
					   value="MIDP/1.0" />
		<capability name="HardwarePlatform.ScreenSize"
					    value="111x100" />
		<capability name="HardwarePlatform.BitsPerPixel"
				       value="2" />
	</device>

	<device>
		<identifier>
		    Generic/midp2
		</identifier>
		<capability name="SoftwarePlatform.JavaPlatform"
					   value="MIDP/2.0" />
		<capability name="HardwarePlatform.ScreenSize"
					    value="111x100" />
		<capability name="HardwarePlatform.BitsPerPixel"
				       value="8" />
	</device>
	
<!-- Motorola devices -->
	<device>
		<identifier>
			Motorola/V300
		</identifier>
		<user-agent>MOTv300</user-agent>
		<capability name="SoftwarePlatform.JavaPlatform"
					   value="MIDP/1.0" />
		<capability name="HardwarePlatform.ScreenSize"
					    value="176x220" />
		<capability name="HardwarePlatform.BitsPerPixel"
				       value="16" />
		<capability name="HardwarePlatform.CameraResolution"
				       value="300x200" />
	</device>
	<device>
		<identifier>
			Motorola/i730
		</identifier>
		<user-agent>MOTi730</user-agent>
		<capability name="SoftwarePlatform.JavaPlatform"
					   value="MIDP/2.0" />
		<capability name="HardwarePlatform.ScreenSize"
					    value="130x130" />
		<capability name="HardwarePlatform.BitsPerPixel"
				       value="16" />
		<capability name="HardwarePlatform.CameraResolution"
				       value="300x200" />
		<capability name="SoftwarePlatform.JavaProtocol"
				       value="UDP, TCP, SSL, HTTP, HTTPS, Serial" />
		<capability name="SoftwarePlatform.JavaPackage"
				       value="wmapi, mmapi, motorola-lwt, location-api" />
		<capability name="SoftwarePlatform.HeapSize"
				       value="1.15 MB" />
		<capability name="SoftwarePlatform.MaxJarSize"
				       value="500 kb" />
	</device>
	<device>
		<identifier>
		    Motorola/i50sx, Motorola/i55sr, Motorola/i85s
		</identifier>
		<user-agent>MOTi50sx</user-agent>
		<capability name="SoftwarePlatform.JavaPlatform"
					   value="MIDP/1.0" />
		<capability name="HardwarePlatform.ScreenSize"
					    value="111x100" />
		<capability name="HardwarePlatform.BitsPerPixel"
				       value="2" />
		<capability name="HardwarePlatform.CameraResolution"
				       value="300x200" />
		<capability name="SoftwarePlatform.JavaProtocol"
				       value="comm, socket, https, ssl, datagram" />
		<capability name="SoftwarePlatform.JavaPackage"
				       value="mmapi" />
	</device>

<!-- Nokia devices -->
	
	<device>
		<identifier>Nokia/N-Gage QD</identifier>
		<groups>Series60</groups>
		<capability name="OS" value="Symbian OS 6.1"/>
		<capability name="ScreenSize" value="176x208"/>
		<capability name="BitsPerPixel" value="12"/>
		<capability name="JavaPackage" value="mmapi, wmapi" />
		<capability name="JavaPlatform" value="MIDP/1.0" />
		<capability name="VideoFormat" value="3GPP" />
		<capability name="SoundFormat" value="midi,amr,wav" />
		<capability name="HeapSize" value="16 MB" />
		<capability name="MaxJarSize" value="4 MB" />
	</device>

	<device>
		<identifier>Nokia/7610</identifier>
		<groups>Series60</groups>
		<features>hasCamera</features>
		<capability name="OS" value="Symbian OS 7.0s"/>
		<capability name="ScreenSize" value="176x208"/>
		<capability name="BitsPerPixel" value="16"/>
		<capability name="JavaPackage" value="mmapi, wmapi, btapi" />
		<capability name="JavaPlatform" value="MIDP/2.0" />
		<capability name="VideoFormat" value="3GPP, MPEG-4, RealVideo" />
		<capability name="SoundFormat" value="midi, True Tones,  WAV,  MP3, AAC, RealAudio" />
		<capability name="HeapSize" value="8 MB" />
		<capability name="MaxJarSize" value="dynamic" />
		<capability name="CameraResolution" value="1MP" />
		<capability name="CameraZoom" value="4" />
	</device>
		
		<device>
		<identifier>Nokia/6620</identifier>
		<groups>Series60</groups>
		<features>hasCamera</features>
		<capability name="OS" value="Symbian OS 7.0s"/>
		<capability name="ScreenSize" value="176x208"/>
		<capability name="BitsPerPixel" value="16"/>
		<capability name="JavaPackage" value="mmapi, wmapi, btapi" />
		<capability name="JavaPlatform" value="MIDP/2.0" />
		<capability name="VideoFormat" value="3GPP, MPEG-4, RealVideo" />
		<capability name="SoundFormat" value="midi, True Tones, MP3, AAC" />
		<capability name="HeapSize" value="dynamic" />
		<capability name="MaxJarSize" value="dynamic" />
		<capability name="CameraResolution" value="vga" />
		<capability name="CameraZoom" value="0" />
	</device>

	<device>
		<identifier>Nokia/3660</identifier>
		<groups>Series60</groups>
		<features>hasCamera</features>
		<capability name="OS" value="Symbian OS 6.1"/>
		<capability name="ScreenSize" value="176x208"/>
		<capability name="BitsPerPixel" value="16"/>
		<capability name="JavaPackage" value="mmapi, wmapi" />
		<capability name="JavaPlatform" value="MIDP/1.0" />
		<capability name="VideoFormat" value="3GPP" />
		<capability name="SoundFormat" value="midi, amr" />
		<capability name="HeapSize" value="dynamic" />
		<capability name="MaxJarSize" value="4mb" />
		<capability name="CameraResolution" value="vga" />
		<capability name="CameraZoom" value="0" />
	</device>	

	<device>
		<identifier>Nokia/3620</identifier>
		<groups>Series60</groups>
		<features>hasCamera</features>
		<capability name="OS" value="Symbian OS 6.1"/>
		<capability name="ScreenSize" value="176x208"/>
		<capability name="BitsPerPixel" value="16"/>
		<capability name="JavaPackage" value="mmapi, wmapi" />
		<capability name="JavaPlatform" value="MIDP/1.0" />
		<capability name="VideoFormat" value="3GPP" />
		<capability name="SoundFormat" value="midi, amr" />
		<capability name="HeapSize" value="dynamic" />
		<capability name="MaxJarSize" value="4mb" />
		<capability name="CameraResolution" value="vga" />
		<capability name="CameraZoom" value="0" />
	</device>

	<device>
		<identifier>Nokia/6600</identifier>
		<groups>Series60</groups>
		<features>hasCamera</features>
		<capability name="OS" value="Symbian OS 7.0s"/>
		<capability name="ScreenSize" value="176x208"/>
		<capability name="BitsPerPixel" value="16"/>
		<capability name="JavaPackage" value="mmapi, wmapi, btapi" />
		<capability name="JavaPlatform" value="MIDP/2.0" />
		<capability name="VideoFormat" value="3GPP" />
		<capability name="SoundFormat" value="midi, True Tones" />
		<capability name="HeapSize" value="3mb" />
		<capability name="MaxJarSize" value="dynamic" />
		<capability name="CameraResolution" value="vga" />
		<capability name="CameraZoom" value="2" />
	</device>
	
	<device>
		<identifier>Nokia/3600</identifier>
		<groups>Series60</groups>
		<features>hasCamera</features>
		<capability name="OS" value="Symbian OS 6.1"/>
		<capability name="ScreenSize" value="176x208"/>
		<capability name="BitsPerPixel" value="12"/>
		<capability name="JavaPackage" value="mmapi, wmapi" />
		<capability name="JavaPlatform" value="MIDP/1.0" />
		<capability name="VideoFormat" value="3GPP" />
		<capability name="SoundFormat" value="midi, amr" />
		<capability name="HeapSize" value="dynamic" />
		<capability name="MaxJarSize" value="4mb" />
		<capability name="CameraResolution" value="vga" />
		<capability name="CameraZoom" value="0" />
	</device>
		
	<device>
		<identifier>Nokia/N-Gage</identifier>
		<groups>Series60</groups>
		<capability name="OS" value="Symbian OS 6.1"/>
		<capability name="ScreenSize" value="176x208"/>
		<capability name="BitsPerPixel" value="12"/>
		<capability name="JavaPackage" value="mmapi, wmapi" />
		<capability name="JavaPlatform" value="MIDP/1.0" />
		<capability name="VideoFormat" value="3GPP" />
		<capability name="SoundFormat" value="midi, amr,  WAV, MP3, AAC" />
		<capability name="HeapSize" value="dynamic" />
		<capability name="MaxJarSize" value="4mb" />
	</device>
		
	<device>
		<identifier>Nokia/3650</identifier>
		<groups>Series60</groups>
		<features>hasCamera</features>
		<capability name="OS" value="Symbian OS 6.1"/>
		<capability name="ScreenSize" value="176x208"/>
		<capability name="BitsPerPixel" value="12"/>
		<capability name="JavaPackage" value="mmapi, wmapi" />
		<capability name="JavaPlatform" value="MIDP/1.0" />
		<capability name="VideoFormat" value="3GPP" />
		<capability name="SoundFormat" value="midi, amr" />
		<capability name="HeapSize" value="dynamic" />
		<capability name="MaxJarSize" value="4mb" />
		<capability name="CameraResolution" value="vga" />
		<capability name="CameraZoom" value="0" />
	</device>
	
	<device>
		<identifier>Nokia/7650</identifier>
		<groups>Series60</groups>
		<features>hasCamera</features>
		<capability name="OS" value="Symbian OS 6.1"/>
		<capability name="ScreenSize" value="176x208"/>
		<capability name="BitsPerPixel" value="12"/>
		<capability name="JavaPlatform" value="MIDP/1.0" />
		<capability name="SoundFormat" value="midi, amr" />
		<capability name="HeapSize" value="dynamic" />
		<capability name="MaxJarSize" value="4mb" />
		<capability name="CameraResolution" value="vga" />
		<capability name="CameraZoom" value="0" />
	</device>
	
	<device>
		<identifier>Nokia/6255</identifier>
		<features>hasCamera</features>
		<capability name="ScreenSize" value="128x160"/>
		<capability name="BitsPerPixel" value="16"/>
		<capability name="JavaPackage" value="nokia-ui" />
		<capability name="JavaPlatform" value="MIDP/2.0" />
		<capability name="VideoFormat" value="3GPP" />
		<capability name="SoundFormat" value="midi, mp3, aac" />
		<capability name="CameraResolution" value="vga" />
		<capability name="CameraZoom" value="3" />
	</device>
	
	<device>
		<identifier>Nokia/9500</identifier>
		<groups>Series80</groups>
		<features>hasCamera</features>
		<capability name="OS" value="Symbian OS 7.0s"/>
		<capability name="ScreenSize" value="640x200"/>
		<capability name="BitsPerPixel" value="16"/>
		<capability name="JavaPackage" value="mmapi, wmapi, btapi,  Java Technology Wireless Industry rel. 1 (JSR-185),CDC (JSR-36), Personal Profile (JSR-62), Foundation Profile (JSR-46), FileConnection and PIM API (JSR-75)" />
		<capability name="JavaPlatform" value="MIDP/2.0" />
		<capability name="VideoFormat" value="3GPP,  MPEG-4, RealVideo" />
		<capability name="SoundFormat" value="midi, amr, wav, mp3, aac" />
		<capability name="HeapSize" value="20mb" />
		<capability name="MaxJarSize" value="dynamic" />
		<capability name="CameraResolution" value="vga" />
		<capability name="CameraZoom" value="0" />
	</device>
	
	<device>
		<identifier>Nokia/5140</identifier>
		<groups>Series40</groups>
		<features>hasCamera</features>
		<capability name="ScreenSize" value="128x128"/>
		<capability name="BitsPerPixel" value="12"/>
		<capability name="JavaPackage" value="mmapi, wmapi,  Java Technology Wireless Industry rel. 1 (JSR-185)" />
		<capability name="JavaPlatform" value="MIDP/2.0" />
		<capability name="VideoFormat" value="3GPP" />
		<capability name="SoundFormat" value="midi, amr" />
		<capability name="HeapSize" value="512kb" />
		<capability name="MaxJarSize" value="128kb" />
		<capability name="CameraResolution" value="vga" />
		<capability name="CameraZoom" value="0" />
	</device>
	
	<device>
		<identifier>Nokia/7700</identifier>
		<groups>Series90</groups>
		<features>hasCamera</features>
		<capability name="OS" value="Symbian OS 7.0s"/>
		<capability name="ScreenSize" value="640x320"/>
		<capability name="BitsPerPixel" value="16"/>
		<capability name="JavaPackage" value="mmapi, wmapi, btapi" />
		<capability name="JavaPlatform" value="MIDP/2.0" />
		<capability name="VideoFormat" value="3GPP, MPEG-4, RealVideo" />
		<capability name="SoundFormat" value="midi, amr, WAV, MP3, AAC, RealAudio" />
		<capability name="HeapSize" value="dynamic" />
		<capability name="MaxJarSize" value="dynamic" />
		<capability name="CameraResolution" value="vga" />
		<capability name="CameraZoom" value="0" />
	</device>
	
	<device>
		<identifier>Nokia/6230</identifier>
		<groups>Series40</groups>
		<features>hasCamera</features>
		<capability name="ScreenSize" value="128x128"/>
		<capability name="BitsPerPixel" value="16"/>
		<capability name="JavaPackage" value="mmapi, wmapi, btapi, Java Technology Wireless Industry rel. 1 (JSR-185)" />
		<capability name="JavaPlatform" value="MIDP/2.0" />
		<capability name="VideoFormat" value="3GPP" />
		<capability name="SoundFormat" value="midi, amr, MP3, AAC" />
		<capability name="HeapSize" value="512kb" />
		<capability name="MaxJarSize" value="128kb" />
		<capability name="CameraResolution" value="vga" />
		<capability name="CameraZoom" value="0" />
	</device>
	
<!-- Siemens devices -->
	<device 
		supportsPolishGui="true">
		<identifier>Siemens/SX1</identifier>
		<capability name="JavaPlatform" value="MIDP/1.0" />
		<capability name="JavaPackage" value="nokia-ui-replacement" />
	</device>
</devices>