<!-- 
    This file defines the device-groups.
    Each device can belong to an arbitrary number of groups.

    Copyright (c) 2004 Robert Virkus / Enough Software

    This file is part of J2ME Polish.

    J2ME Polish is free software; you can redistribute it and/or modify
    it under the terms of the GNU General Public License as published by
    the Free Software Foundation; either version 2 of the License, or
    (at your option) any later version.

    J2ME Polish is distributed in the hope that it will be useful,
    but WITHOUT ANY WARRANTY; without even the implied warranty of
    MERCHANTABILITY or FITNESS FOR A PARTICULAR PURPOSE.  See the
    GNU General Public License for more details.

    You should have received a copy of the GNU General Public License
    along with Foobar; if not, write to the Free Software
    Foundation, Inc., 59 Temple Place, Suite 330, Boston, MA  02111-1307  USA

    Commercial licenses are also available, please
    refer to the accompanying LICENSE.txt or visit
    http://www.j2mepolish.org for details.

-->
<groups>
	<group>
		<name>Nokia-UI</name>
		<features></features>
		<capability name="classes.fullscreen" value="com.nokia.mid.ui.FullCanvas" />
		<capability name="JavaPackage" value="nokia-ui" />
	</group>

	<group>
		<name>Series40</name>
		<parent>Nokia-UI</parent>
		<capability name="JavaPlatform" value="MIDP/1.0" />
		<capability name="ScreenSize" value="128x128" />
	</group>

	<group>
		<name>Series60</name>
		<parent>Nokia-UI</parent>
		<capability name="JavaPlatform" value="MIDP/1.0" />
		<capability name="ScreenSize" value="176x208" />
	</group>

	<group>
		<name>Series80</name>
		<parent>Nokia-UI</parent>
	</group>
	
	<group>
		<name>Series90</name>
		<parent>Nokia-UI</parent>
	</group>
		
</groups>