<!-- 
	devices.xml defines all known devices. 
	You can add or change the existing specifications and
	use the changed settings in the code.
-->
<devices>

<!-- Standard devices -->
	<device>
		<identifier>
		    Generic/midp1
		</identifier>
		<capability name="JavaPlatform" value="MIDP/1.0" />
		<capability name="ScreenSize" value="111x100" />
		<capability name="BitsPerPixel" value="2" />
	</device>

	<device>
		<identifier>
		    Generic/midp2
		</identifier>
		<capability name="JavaPlatform" value="MIDP/2.0" />
		<capability name="ScreenSize" value="111x100" />
		<capability name="BitsPerPixel" value="12" />
	</device>
	
<!-- Sony-Ericsson devices -->
	<device>
		<identifier>Sony-Ericsson/T610, Sony-Ericsson/T618</identifier>
		<groups></groups>
		<features>hasCamera</features>
		<capability name="ScreenSize" value="128x160"/>
		<capability name="BitsPerPixel" value="16"/>
		<capability name="JavaPackage" value="mmapi" />
		<capability name="JavaPlatform" value="MIDP/1.0" />
		<capability name="SoundFormat" value="iMelody, iMelody 1.2, midi, midi32, amr" />
		<capability name="HeapSize" value="2 MB" />
		<capability name="DRM" value="OMA-Forward Lock" />
	</device>
	
	<device>
		<identifier>Sony-Ericsson/T616</identifier>
		<groups></groups>
		<features>hasCamera</features>
		<capability name="ScreenSize" value="128x160"/>
		<capability name="BitsPerPixel" value="16"/>
		<capability name="JavaPackage" value="mmapi, wmapi" />
		<capability name="JavaPlatform" value="MIDP/1.0" />
		<capability name="SoundFormat" value="iMelody, iMelody 1.2, midi, midi32, amr" />
		<capability name="HeapSize" value="2 MB" />
		<capability name="DRM" value="OMA-Forward Lock" />
	</device>
	
		<device>
		<identifier>Sony-Ericsson/T628, Sony-Ericsson/T630</identifier>
		<groups></groups>
		<features>hasCamera</features>
		<capability name="ScreenSize" value="128x160"/>
		<capability name="BitsPerPixel" value="16"/>
		<capability name="JavaPackage" value="mmapi" />
		<capability name="JavaPlatform" value="MIDP/1.0" />
		<capability name="SoundFormat" value="iMelody, iMelody 1.2, midi, midi32, amr" />
		<capability name="HeapSize" value="2 MB" />
		<capability name="DRM" value="OMA-Forward Lock" />
	</device>

	<device>
		<identifier>Sony-Ericsson/T637</identifier>
		<groups></groups>
		<features>hasCamera</features>
		<capability name="ScreenSize" value="128x160"/>
		<capability name="BitsPerPixel" value="16"/>
		<capability name="JavaPackage" value="mmapi, wmapi" />
		<capability name="JavaPlatform" value="MIDP/1.0" />
		<capability name="SoundFormat" value="iMelody, iMelody 1.2, midi, midi32, amr" />
		<capability name="HeapSize" value="2 MB" />
		<capability name="DRM" value="OMA-Forward Lock" />
	</device>
	
	<device>
		<identifier>Sony-Ericsson/Z600, Sony-Ericsson/Z608</identifier>
		<groups></groups>
		<features>hasCamera</features>
		<capability name="ScreenSize" value="128x160"/>
		<capability name="BitsPerPixel" value="16"/>
		<capability name="JavaPackage" value="mmapi" />
		<capability name="JavaPlatform" value="MIDP/1.0" />
		<capability name="SoundFormat" value="iMelody, iMelody 1.2, midi, midi32, amr" />
		<capability name="HeapSize" value="2 MB" />
		<capability name="DRM" value="OMA-Forward Lock" />
	</device>
	
	<device>
		<identifier>Sony-Ericsson/Z1010</identifier>
		<groups></groups>
		<features>hasCamera, hasVideo</features>
		<capability name="ScreenSize" value="176x220"/>
		<capability name="BitsPerPixel" value="16"/>
		<capability name="JavaPackage" value="mmapi, wmapi" />
		<capability name="JavaPlatform" value="MIDP/2.0" />
		<capability name="SoundFormat" value="iMelody, iMelody 1.2, midi, midi40, amr, mp3, mp4, 3gp" />
		<capability name="HeapSize" value="8 MB" />
		<capability name="DRM" value="OMA Phase 1" />
	</device>
	
	<device>
		<identifier>Sony-Ericsson/P800, Sony-Ericsson/P802</identifier>
		<groups></groups>
		<features>hasCamera, hasPointerEvents, hasPointerMotionEvents</features>
		<capability name="ScreenSize" value="208x320"/>
		<capability name="BitsPerPixel" value="12"/>
		<capability name="JavaPlatform" value="MIDP/1.0" />
		<capability name="SoundFormat" value="iMelody, iMelody 1.2, midi, midi24, amr, mp3, rmf, mp4, 3gp" />
		<capability name="HeapSize" value="12 MB" />
	</device>
	
	<device>
		<identifier>Sony-Ericsson/P900, Sony-Ericsson/P908</identifier>
		<groups></groups>
		<features>hasCamera, hasVideo, hasPointerEvents, hasPointerMotionEvents</features>
		<capability name="ScreenSize" value="208x320"/>
        <capability name="CanvasSize" value="208x253"/>
		<capability name="BitsPerPixel" value="16"/>
		<capability name="JavaPackage" value="mmapi, wmapi, btapi" />
		<capability name="JavaPlatform" value="MIDP/2.0" />
        <capability name="JavaProtocol" value="http, socket, https, ssl, datagram"/>
		<capability name="SoundFormat" value="iMelody, iMelody 1.2, midi, midi40, amr, mp3, rmf, mp4, 3gp" />
		<capability name="HeapSize" value="16 MB" />
		<capability name="DRM" value="OMA-Forward Lock" />
	</device>
	
	<device>
		<identifier>Sony-Ericsson/K700i, Sony-Ericsson/K700c</identifier>
		<groups></groups>
		<features>hasCamera, hasVideo</features>
		<capability name="ScreenSize" value="176x220"/>
		<capability name="BitsPerPixel" value="16"/>
		<capability name="JavaPackage" value="mmapi, wmapi, 3d-api" />
		<capability name="JavaPlatform" value="MIDP/2.0" />
		<capability name="SoundFormat" value="iMelody, iMelody 1.2, midi, midi40, amr, mp3, mp4, 3gp" />
		<capability name="HeapSize" value="32 MB" />
		<capability name="DRM" value="OMA Phase 1" />
		<capability name="CameraZoom" value="4" />
	</device>
	
	<device>
		<identifier>Sony-Ericsson/Z500</identifier>
		<groups></groups>
		<features>hasCamera, hasVideo</features>
		<capability name="ScreenSize" value="128x160"/>
		<capability name="BitsPerPixel" value="16"/>
		<capability name="JavaPackage" value="mmapi, wmapi, 3d-api" />
		<capability name="JavaPlatform" value="MIDP/2.0" />
		<capability name="SoundFormat" value="iMelody, iMelody 1.2, midi, midi40, amr, mp3, mp4, 3gp" />
		<capability name="HeapSize" value="6 MB" />
		<capability name="DRM" value="OMA Phase 1" />
		<capability name="CameraZoom" value="4" />
	</device>
		
	<device>
		<identifier>Sony-Ericsson/S700</identifier>
		<groups></groups>
		<features>hasCamera, hasVideo</features>
		<capability name="ScreenSize" value="240x320"/>
		<capability name="BitsPerPixel" value="18"/>
		<capability name="JavaPackage" value="mmapi, wmapi, 3d-api" />
		<capability name="JavaPlatform" value="MIDP/2.0" />
		<capability name="SoundFormat" value="iMelody, iMelody 1.2, midi, midi40, amr, mp3, mp4, 3gp" />
		<capability name="HeapSize" value="32 MB" />
		<capability name="DRM" value="OMA Phase 1" />
		<capability name="CameraZoom" value="8" />
		<capability name="CameraResolution" value="1.3 MP" />
	</device>
	
	
	
<!-- Motorola devices -->
	<device>
		<identifier>
			Motorola/i730
		</identifier>
		<user-agent>MOTi730</user-agent>
		<features>hasCamera</features>
		<capability name="SoftwarePlatform.JavaPlatform"
					   value="MIDP/2.0" />
		<capability name="HardwarePlatform.ScreenSize"
					    value="130x130" />
		<capability name="HardwarePlatform.BitsPerPixel"
				       value="16" />
		<capability name="HardwarePlatform.CameraResolution"
				       value="300x200" />
		<capability name="SoftwarePlatform.JavaProtocol"
				       value="UDP, TCP, SSL, HTTP, HTTPS, Serial" />
		<capability name="SoftwarePlatform.JavaPackage"
				       value="wmapi, mmapi, motorola-lwt, location-api, Look And Feel, Polyphonic MIDI, WAV, AU, Vibrator, Lighting, Location API, Phonebook, Datebook, External display, Call Receive and Initiation, Recent calls, File I/O, Serial port, Crypto, Digital Camera, Java Menu MIDlet icon, RF enabling, Alpha blending, Secure file connection, Voicenote, 3D" />
		<capability name="SoftwarePlatform.HeapSize"
				       value="1.15 MB" />
		<capability name="StorageSize" value="2 MB" />
		<capability name="SoftwarePlatform.MaxJarSize"
				       value="500 kb" />
		<capability name="MaxSockets.tcp" value="16" />
		<capability name="MaxSockets.http" value="8" />
		<capability name="MaxSockets.udp" value="24" />
	</device>
	
	<device>
		<identifier>
		    Motorola/i50sx, Motorola/i55sr, Motorola/i85s
		</identifier>
		<user-agent>MOTi50sx</user-agent>
		<features>hasCamera</features>
		<capability name="SoftwarePlatform.JavaPlatform"
					   value="MIDP/1.0" />
		<capability name="HardwarePlatform.ScreenSize"
					    value="111x100" />
		<capability name="HardwarePlatform.BitsPerPixel"
				       value="2" />
		<capability name="HardwarePlatform.CameraResolution"
				       value="300x200" />
		<capability name="SoftwarePlatform.JavaProtocol"
				       value="comm, socket, https, ssl, datagram" />
		<capability name="SoftwarePlatform.JavaPackage"
				       value="serial" />
		<capability name="MaxSockets.tcp" value="2" />
		<capability name="MaxSockets.http" value="2" />
		<capability name="MaxSockets.udp" value="3" />
	</device>

	<device>
		<identifier>Motorola/i80s</identifier>
		<capability name="JavaPlatform" value="MIDP/1.0" />
		<capability name="ScreenSize" value="119x64" />
		<capability name="BitsPerPixel" value="1" />
		<capability name="HeapSize" value="256 kb" />
		<capability name="StorageSize" value="384 kb" />
		<capability name="MaxJarSize" value="50 kb" />
		<capability name="JavaProtocol" value="udp, tcp, ssl, http, https, serial" />
		<capability name="MaxSockets.tcp" value="2" />
		<capability name="MaxSockets.http" value="2" />
		<capability name="MaxSockets.udp" value="3" />
		<capability name="JavaPackage" value="serial" />
	</device>
	
	<device>
		<identifier>Motorola/i88s</identifier>
		<capability name="JavaPlatform" value="MIDP/1.0" />
		<capability name="ScreenSize" value="111x100" />
		<capability name="BitsPerPixel" value="2" />
		<capability name="HeapSize" value="256 kb" />
		<capability name="StorageSize" value="384 kb" />
		<capability name="MaxJarSize" value="50 kb" />
		<capability name="JavaProtocol" value="udp, tcp, ssl, http, https, serial" />
		<capability name="MaxSockets.tcp" value="2" />
		<capability name="MaxSockets.http" value="2" />
		<capability name="MaxSockets.udp" value="11" />
		<capability name="JavaPackage" value="Location API, File I/O, serial" />
	</device>
	
	<device>
		<identifier>Motorola/i90c</identifier>
		<capability name="JavaPlatform" value="MIDP/1.0" />
		<capability name="ScreenSize" value="111x100" />
		<capability name="BitsPerPixel" value="2" />
		<capability name="HeapSize" value="256 kb" />
		<capability name="StorageSize" value="384 kb" />
		<capability name="MaxJarSize" value="50 kb" />
		<capability name="JavaProtocol" value="udp, tcp, ssl, http, https, serial" />
		<capability name="MaxSockets.tcp" value="2" />
		<capability name="MaxSockets.http" value="2" />
		<capability name="MaxSockets.udp" value="3" />
		<capability name="JavaPackage" value="PolyphonicMIDI, serial" />
	</device>
	
	<device>
		<identifier>Motorola/i95cl</identifier>
		<capability name="JavaPlatform" value="MIDP/1.0" />
		<capability name="ScreenSize" value="120x160" />
		<capability name="BitsPerPixel" value="8" />
		<capability name="HeapSize" value="640 kb" />
		<capability name="StorageSize" value="1.5M" />
		<capability name="MaxJarSize" value="160 kb" />
		<capability name="JavaProtocol" value="udp, tcp, ssl, http, https, serial" />
		<capability name="MaxSockets.tcp" value="7" />
		<capability name="MaxSockets.http" value="4" />
		<capability name="MaxSockets.udp" value="12" />
		<capability name="JavaPackage" value="Motorola LWT, Look And Feel, PolyphonicMIDI, File I/O, Call Initiation, Crypto, Lighting, Vibrator, Digital Camera" />
	</device>
	
	<device>
		<identifier>Motorola/C650</identifier>
		<features>doubleBuffering</features>
		<capability name="OS" value="Motorola" />
		<capability name="JavaPlatform" value="MIDP/1.0" />
		<capability name="ScreenSize" value="128x128" />
		<capability name="BitsPerPixel" value="16" />
		<capability name="HeapSize" value="800 kb" />
		<capability name="StorageSize" value="1.8MB" />
		<capability name="MaxJarSize" value="100 kb" />
		<capability name="MaxRecordStoreSize" value="64 kb" />
		<capability name="JavaProtocol" value="udp, tcp, http, serial" />
		<capability name="MaxSockets" value="4" />
		<capability name="MaxSockets.tcp" value="4" />
		<capability name="MaxSockets.http" value="4" />
		<capability name="MaxSockets.udp" value="4" />
		<capability name="JavaPackage" value="wmapi, mmapi, Phonebook" />
		<capability name="ImageFormat" value="png, jpeg" />
		<capability name="SoundFormat" value="midi, wav, amr" />
	</device>
	
	<device>
		<identifier>Motorola/E680</identifier>
		<features>doubleBuffering</features>
		<capability name="OS" value="Motorola" />
		<capability name="JavaPlatform" value="MIDP/2.0" />
		<capability name="ScreenSize" value="240x320" />
		<capability name="BitsPerPixel" value="16" />
		<capability name="HeapSize" value="2 mb" />
		<capability name="StorageSize" value="50MB" />
		<capability name="MaxJarSize" value="1 mb" />
		<capability name="MaxRecordStoreSize" value="100 kb" />
		<capability name="JavaProtocol" value="udp, http, serial, socket" />
		<capability name="MaxSockets" value="10" />
		<capability name="MaxSockets.tcp" value="10" />
		<capability name="MaxSockets.http" value="10" />
		<capability name="MaxSockets.udp" value="10" />
		<capability name="JavaPackage" value="wmapi, mmapi, 3d-api" />
		<capability name="ImageFormat" value="png, jpeg, gif" />
		<capability name="SoundFormat" value="midi, mp3, wav, amr, TONE Sequence" />
		<capability name="VideoFormat" value="mp4, 3gpp" />
	</device>
	
	<device>
		<identifier>Motorola/V180</identifier>
		<features>doubleBuffering</features>
		<capability name="OS" value="Motorola" />
		<capability name="JavaPlatform" value="MIDP/2.0" />
		<capability name="ScreenSize" value="128x128" />
		<capability name="BitsPerPixel" value="16" />
		<capability name="HeapSize" value="800 kb" />
		<capability name="StorageSize" value="1.8 MB" />
		<capability name="MaxJarSize" value="100 kb" />
		<capability name="MaxRecordStoreSize" value="64 kb" />
		<capability name="JavaProtocol" value="udp, http, serial, socket" />
		<capability name="MaxSockets" value="4" />
		<capability name="MaxSockets.tcp" value="4" />
		<capability name="MaxSockets.http" value="4" />
		<capability name="MaxSockets.udp" value="4" />
		<capability name="JavaPackage" value="wmapi, mmapi, Phonebook" />
		<capability name="ImageFormat" value="png, jpeg" />
	</device>
	
	<device>
		<identifier>Motorola/V220</identifier>
		<features>doubleBuffering, hasCamera</features>
		<capability name="OS" value="Motorola" />
		<capability name="JavaPlatform" value="MIDP/2.0" />
		<capability name="ScreenSize" value="128x128" />
		<capability name="BitsPerPixel" value="16" />
		<capability name="HeapSize" value="800 kb" />
		<capability name="StorageSize" value="1.8 MB" />
		<capability name="MaxJarSize" value="100 kb" />
		<capability name="MaxRecordStoreSize" value="64 kb" />
		<capability name="JavaProtocol" value="udp, http, serial, socket" />
		<capability name="MaxSockets" value="4" />
		<capability name="MaxSockets.tcp" value="4" />
		<capability name="MaxSockets.http" value="4" />
		<capability name="MaxSockets.udp" value="4" />
		<capability name="JavaPackage" value="wmapi, mmapi, Phonebook" />
		<capability name="ImageFormat" value="png, jpeg" />
		<capability name="SoundFormat" value="midi, wav, amr" />
		<capability name="CameraResolution" value="vga" />
		<capability name="CameraZoom" value="0" />
	</device>

	<device>
		<identifier>Motorola/V80</identifier>
		<features>doubleBuffering, hasCamera</features>
		<capability name="OS" value="Motorola" />
		<capability name="JavaPlatform" value="MIDP/2.0" />
		<capability name="ScreenSize" value="176x220" />
		<capability name="BitsPerPixel" value="16" />
		<capability name="HeapSize" value="800 kb" />
		<capability name="StorageSize" value="5 MB" />
		<capability name="MaxJarSize" value="100 kb" />
		<capability name="MaxRecordStoreSize" value="64 kb" />
		<capability name="JavaProtocol" value="udp, http, serial, socket" />
		<capability name="MaxSockets" value="4" />
		<capability name="MaxSockets.tcp" value="4" />
		<capability name="MaxSockets.http" value="4" />
		<capability name="MaxSockets.udp" value="4" />
		<capability name="JavaPackage" value="wmapi, mmapi, Phonebook" />
		<capability name="ImageFormat" value="png, jpeg" />
		<capability name="SoundFormat" value="midi, wav, amr, mp3" />
		<capability name="CameraResolution" value="vga" />
		<capability name="CameraZoom" value="0" />
	</device>
		
	<device>
		<identifier>Motorola/C370, Motorola/C450</identifier>
		<features>doubleBuffering</features>
		<capability name="OS" value="Motorola" />
		<capability name="JavaPlatform" value="MIDP/2.0" />
		<capability name="ScreenSize" value="96x65" />
		<capability name="BitsPerPixel" value="12" />
		<capability name="HeapSize" value="1 mb" />
		<capability name="StorageSize" value="1 MB" />
		<capability name="MaxJarSize" value="100 kb" />
		<capability name="MaxRecordStoreSize" value="64 kb" />
		<capability name="JavaProtocol" value="udp, http, serial, socket" />
		<capability name="MaxSockets" value="4" />
		<capability name="MaxSockets.tcp" value="4" />
		<capability name="MaxSockets.http" value="4" />
		<capability name="MaxSockets.udp" value="4" />
		<capability name="JavaPackage" value="Gaming, sms" />
		<capability name="ImageFormat" value="png, jpeg" />
	</device>
	
	<device>
		<identifier>Motorola/C550</identifier>
		<features>doubleBuffering, hasCamera</features>
		<capability name="OS" value="Motorola" />
		<capability name="JavaPlatform" value="MIDP/2.0" />
		<capability name="ScreenSize" value="96x65" />
		<capability name="BitsPerPixel" value="12" />
		<capability name="HeapSize" value="1 mb" />
		<capability name="StorageSize" value="1 MB" />
		<capability name="MaxJarSize" value="100 kb" />
		<capability name="MaxRecordStoreSize" value="64 kb" />
		<capability name="JavaProtocol" value="udp, http, serial, socket" />
		<capability name="MaxSockets" value="4" />
		<capability name="MaxSockets.tcp" value="4" />
		<capability name="MaxSockets.http" value="4" />
		<capability name="MaxSockets.udp" value="4" />
		<capability name="JavaPackage" value="Gaming, sms" />
		<capability name="ImageFormat" value="png, jpeg" />
		<capability name="CameraResolution" value="vga" />
		<capability name="CameraZoom" value="0" />
	</device>
	
	<device>
		<identifier>Motorola/E380</identifier>
		<features>doubleBuffering</features>
		<capability name="OS" value="Motorola" />
		<capability name="JavaPlatform" value="MIDP/1.0" />
		<capability name="ScreenSize" value="96x65" />
		<capability name="BitsPerPixel" value="12" />
		<capability name="HeapSize" value="1 mb" />
		<capability name="StorageSize" value="1 MB" />
		<capability name="MaxJarSize" value="100 kb" />
		<capability name="MaxRecordStoreSize" value="64 kb" />
		<capability name="JavaProtocol" value="udp, http, serial, socket" />
		<capability name="MaxSockets" value="4" />
		<capability name="MaxSockets.tcp" value="4" />
		<capability name="MaxSockets.http" value="4" />
		<capability name="MaxSockets.udp" value="4" />
		<capability name="JavaPackage" value="Gaming, sms" />
		<capability name="ImageFormat" value="png, jpeg" />
	</device>
	
	<device>
		<identifier>Motorola/T725</identifier>
		<features>doubleBuffering</features>
		<capability name="OS" value="Motorola" />
		<capability name="JavaPlatform" value="MIDP/2.0" />
		<capability name="ScreenSize" value="120x160" />
		<capability name="BitsPerPixel" value="12" />
		<capability name="HeapSize" value="800 kb" />
		<capability name="StorageSize" value="5 MB" />
		<capability name="MaxJarSize" value="100 kb" />
		<capability name="MaxRecordStoreSize" value="64 kb" />
		<capability name="JavaProtocol" value="udp, http, serial, socket" />
		<capability name="MaxSockets" value="4" />
		<capability name="MaxSockets.tcp" value="4" />
		<capability name="MaxSockets.http" value="4" />
		<capability name="MaxSockets.udp" value="4" />
		<capability name="JavaPackage" value="wmapi, mmapi, Phonebook" />
		<capability name="ImageFormat" value="png, jpeg" />
		<capability name="SoundFormat" value="midi, wav, amr" />
	</device>
	
	<device>
		<identifier>Motorola/V300, Motorola/V303</identifier>
		<features>doubleBuffering, hasCamera</features>
		<capability name="OS" value="Motorola" />
		<capability name="JavaPlatform" value="MIDP/2.0" />
		<capability name="ScreenSize" value="176x220" />
		<capability name="BitsPerPixel" value="16" />
		<capability name="HeapSize" value="800 kb" />
		<capability name="StorageSize" value="5 MB" />
		<capability name="MaxJarSize" value="100 kb" />
		<capability name="MaxRecordStoreSize" value="64 kb" />
		<capability name="JavaProtocol" value="udp, http, serial, socket" />
		<capability name="MaxSockets" value="4" />
		<capability name="MaxSockets.tcp" value="4" />
		<capability name="MaxSockets.http" value="4" />
		<capability name="MaxSockets.udp" value="4" />
		<capability name="JavaPackage" value="wmapi, mmapi, Phonebook" />
		<capability name="ImageFormat" value="png, jpeg" />
		<capability name="SoundFormat" value="midi, wav, amr, mp3" />
		<capability name="CameraResolution" value="vga" />
		<capability name="CameraZoom" value="0" />
	</device>
	
	<device>
		<identifier>Motorola/V400</identifier>
		<features>doubleBuffering, hasCamera</features>
		<capability name="OS" value="Motorola" />
		<capability name="JavaPlatform" value="MIDP/2.0" />
		<capability name="ScreenSize" value="176x220" />
		<capability name="BitsPerPixel" value="16" />
		<capability name="HeapSize" value="800 kb" />
		<capability name="StorageSize" value="5 MB" />
		<capability name="MaxJarSize" value="100 kb" />
		<capability name="MaxRecordStoreSize" value="64 kb" />
		<capability name="JavaProtocol" value="udp, http, serial, socket" />
		<capability name="MaxSockets" value="4" />
		<capability name="MaxSockets.tcp" value="4" />
		<capability name="MaxSockets.http" value="4" />
		<capability name="MaxSockets.udp" value="4" />
		<capability name="JavaPackage" value="wmapi, mmapi, Phonebook" />
		<capability name="ImageFormat" value="png, jpeg" />
		<capability name="SoundFormat" value="midi, wav, amr" />
		<capability name="CameraResolution" value="vga" />
		<capability name="CameraZoom" value="0" />
	</device>
	
	<device>
		<identifier>Motorola/V500, Motorola/V525</identifier>
		<features>doubleBuffering, hasCamera</features>
		<capability name="OS" value="Motorola" />
		<capability name="JavaPlatform" value="MIDP/2.0" />
		<capability name="ScreenSize" value="176x220" />
		<capability name="BitsPerPixel" value="16" />
		<capability name="HeapSize" value="800 kb" />
		<capability name="StorageSize" value="5 MB" />
		<capability name="MaxJarSize" value="100 kb" />
		<capability name="MaxRecordStoreSize" value="64 kb" />
		<capability name="JavaProtocol" value="udp, http, serial, socket" />
		<capability name="MaxSockets" value="4" />
		<capability name="MaxSockets.tcp" value="4" />
		<capability name="MaxSockets.http" value="4" />
		<capability name="MaxSockets.udp" value="4" />
		<capability name="JavaPackage" value="wmapi, mmapi, Phonebook" />
		<capability name="ImageFormat" value="png, jpeg" />
		<capability name="SoundFormat" value="midi, wav, amr, mp3" />
		<capability name="CameraResolution" value="vga" />
		<capability name="CameraZoom" value="0" />
	</device>
	
	<device>
		<identifier>Motorola/V600</identifier>
		<features>doubleBuffering, hasCamera</features>
		<capability name="OS" value="Motorola" />
		<capability name="JavaPlatform" value="MIDP/2.0" />
		<capability name="ScreenSize" value="176x220" />
		<capability name="BitsPerPixel" value="16" />
		<capability name="HeapSize" value="800 kb" />
		<capability name="StorageSize" value="5 MB" />
		<capability name="MaxJarSize" value="100 kb" />
		<capability name="MaxRecordStoreSize" value="64 kb" />
		<capability name="JavaProtocol" value="udp, http, serial, socket" />
		<capability name="MaxSockets" value="4" />
		<capability name="MaxSockets.tcp" value="4" />
		<capability name="MaxSockets.http" value="4" />
		<capability name="MaxSockets.udp" value="4" />
		<capability name="JavaPackage" value="wmapi, mmapi, Phonebook" />
		<capability name="ImageFormat" value="png, jpeg" />
		<capability name="SoundFormat" value="midi, wav, amr, mp3" />
		<capability name="CameraResolution" value="vga" />
		<capability name="CameraZoom" value="0" />
	</device>
	
	<device>
		<identifier>Motorola/A388</identifier>
		<features>doubleBuffering</features>
		<capability name="OS" value="PPSM 3.2" />
		<capability name="JavaPlatform" value="MIDP/1.0" />
		<capability name="ScreenSize" value="240x320" />
		<capability name="BitsPerPixel" value="2" />
		<capability name="HeapSize" value="646 kb" />
		<capability name="StorageSize" value="1.8 MB" />
		<capability name="MaxJarSize" value="600 kb" />
		<capability name="MaxRecordStoreSize" value="dynamic" />
		<capability name="JavaProtocol" value="udp, http, socket" />
		<capability name="MaxSockets" value="3" />
		<capability name="MaxSockets.tcp" value="3" />
		<capability name="MaxSockets.http" value="3" />
		<capability name="MaxSockets.udp" value="3" />
		<capability name="ImageFormat" value="png" />
	</device>
	
	<device>
		<identifier>Motorola/A830</identifier>
		<features>doubleBuffering</features>
		<capability name="OS" value="Synergy" />
		<capability name="JavaPlatform" value="MIDP/1.0" />
		<capability name="ScreenSize" value="176x220" />
		<capability name="BitsPerPixel" value="12" />
		<capability name="HeapSize" value="512 kb" />
		<capability name="StorageSize" value="1 MB" />
		<capability name="MaxJarSize" value="100 kb" />
		<capability name="MaxRecordStoreSize" value="64 kb" />
		<capability name="JavaProtocol" value="udp, https, serial, socket" />
		<capability name="MaxSockets" value="3" />
		<capability name="MaxSockets.tcp" value="3" />
		<capability name="MaxSockets.http" value="3" />
		<capability name="MaxSockets.udp" value="3" />
		<capability name="ImageFormat" value="png" />
	</device>
	
	<device>
		<identifier>Motorola/T280i</identifier>
		<features>doubleBuffering</features>
		<capability name="OS" value="Synergy" />
		<capability name="JavaPlatform" value="MIDP/1.0" />
		<capability name="ScreenSize" value="128x100" />
		<capability name="BitsPerPixel" value="2" />
		<capability name="HeapSize" value="350 kb" />
		<capability name="StorageSize" value="1 MB" />
		<capability name="MaxJarSize" value="64 kb" />
		<capability name="MaxRecordStoreSize" value="63 kb" />
		<capability name="JavaProtocol" value="http, socket" />
		<capability name="MaxSockets" value="3" />
		<capability name="MaxSockets.tcp" value="3" />
		<capability name="MaxSockets.http" value="3" />
		<capability name="MaxSockets.udp" value="3" />
		<capability name="ImageFormat" value="png" />
	</device>
	
	<device>
		<identifier>Motorola/T720(GSM)</identifier>
		<features>doubleBuffering</features>
		<capability name="OS" value="Synergy" />
		<capability name="JavaPlatform" value="MIDP/1.0" />
		<capability name="ScreenSize" value="120x160" />
		<capability name="BitsPerPixel" value="12" />
		<capability name="HeapSize" value="512 kb" />
		<capability name="StorageSize" value="1 MB" />
		<capability name="MaxJarSize" value="200 kb" />
		<capability name="MaxRecordStoreSize" value="63 kb" />
		<capability name="JavaProtocol" value="udp, http, socket" />
		<capability name="MaxSockets" value="3" />
		<capability name="MaxSockets.tcp" value="3" />
		<capability name="MaxSockets.http" value="3" />
		<capability name="MaxSockets.udp" value="3" />
		<capability name="ImageFormat" value="png" />
	</device>
	
	<device>
		<identifier>Motorola/T720(CDMA)</identifier>
		<features>doubleBuffering</features>
		<capability name="OS" value="Motorola" />
		<capability name="JavaPlatform" value="MIDP/1.0" />
		<capability name="ScreenSize" value="120x160" />
		<capability name="BitsPerPixel" value="12" />
		<capability name="HeapSize" value="1 mb" />
		<capability name="StorageSize" value="1 MB" />
		<capability name="MaxJarSize" value="100 kb" />
		<capability name="MaxRecordStoreSize" value="64 kb" />
		<capability name="JavaProtocol" value="udp, http, socket" />
		<capability name="MaxSockets" value="3" />
		<capability name="MaxSockets.tcp" value="3" />
		<capability name="MaxSockets.http" value="3" />
		<capability name="MaxSockets.udp" value="3" />
		<capability name="ImageFormat" value="png" />
	</device>
	
	<device>
		<identifier>Motorola/T720i</identifier>
		<features>doubleBuffering, hasCamera</features>
		<capability name="OS" value="Synergy" />
		<capability name="JavaPlatform" value="MIDP/1.0" />
		<capability name="ScreenSize" value="120x160" />
		<capability name="BitsPerPixel" value="12" />
		<capability name="HeapSize" value="512 kb" />
		<capability name="MaxJarSize" value="200 kb" />
		<capability name="MaxRecordStoreSize" value="63 kb" />
		<capability name="JavaProtocol" value="udp, http, socket" />
		<capability name="JavaPackage" value="LWT, Serial, Motorola-Camera, Motorola-MMS" />
		<capability name="MaxSockets" value="4" />
		<capability name="MaxSockets.tcp" value="3" />
		<capability name="MaxSockets.http" value="3" />
		<capability name="MaxSockets.udp" value="3" />
		<capability name="ImageFormat" value="png" />
	</device>
	
<!-- Nokia devices -->
	
	<device>
		<identifier>Nokia/N-Gage QD</identifier>
		<groups>Series60</groups>
		<capability name="OS" value="Symbian OS 6.1"/>
		<capability name="ScreenSize" value="176x208"/>
		<capability name="BitsPerPixel" value="12"/>
		<capability name="JavaPackage" value="mmapi, wmapi" />
		<capability name="JavaPlatform" value="MIDP/1.0" />
		<capability name="VideoFormat" value="3GPP" />
		<capability name="SoundFormat" value="midi,amr,wav" />
		<capability name="HeapSize" value="16 MB" />
		<capability name="MaxJarSize" value="4 MB" />
	</device>

	<device>
		<identifier>Nokia/7610</identifier>
		<groups>Series60</groups>
		<features>hasCamera</features>
		<capability name="OS" value="Symbian OS 7.0s"/>
		<capability name="ScreenSize" value="176x208"/>
		<capability name="BitsPerPixel" value="16"/>
		<capability name="JavaPackage" value="mmapi, wmapi, btapi" />
		<capability name="JavaPlatform" value="MIDP/2.0" />
		<capability name="VideoFormat" value="3GPP, MPEG-4, RealVideo" />
		<capability name="SoundFormat" value="midi, True Tones,  WAV,  MP3, AAC, RealAudio" />
		<capability name="HeapSize" value="8 MB" />
		<capability name="MaxJarSize" value="dynamic" />
		<capability name="CameraResolution" value="1MP" />
		<capability name="CameraZoom" value="4" />
	</device>
		
	<device>
		<identifier>Nokia/6620</identifier>
		<groups>Series60</groups>
		<features>hasCamera</features>
		<capability name="OS" value="Symbian OS 7.0s"/>
		<capability name="ScreenSize" value="176x208"/>
		<capability name="BitsPerPixel" value="16"/>
		<capability name="JavaPackage" value="mmapi, wmapi, btapi" />
		<capability name="JavaPlatform" value="MIDP/2.0" />
		<capability name="VideoFormat" value="3GPP, MPEG-4, RealVideo" />
		<capability name="SoundFormat" value="midi, True Tones, MP3, AAC" />
		<capability name="HeapSize" value="dynamic" />
		<capability name="MaxJarSize" value="dynamic" />
		<capability name="CameraResolution" value="vga" />
		<capability name="CameraZoom" value="0" />
	</device>

	<device>
		<identifier>Nokia/3660</identifier>
		<groups>Series60</groups>
		<features>hasCamera</features>
		<capability name="OS" value="Symbian OS 6.1"/>
		<capability name="ScreenSize" value="176x208"/>
		<capability name="BitsPerPixel" value="16"/>
		<capability name="JavaPackage" value="mmapi, wmapi" />
		<capability name="JavaPlatform" value="MIDP/1.0" />
		<capability name="VideoFormat" value="3GPP" />
		<capability name="SoundFormat" value="midi, amr" />
		<capability name="HeapSize" value="dynamic" />
		<capability name="MaxJarSize" value="4mb" />
		<capability name="CameraResolution" value="vga" />
		<capability name="CameraZoom" value="0" />
	</device>	

	<device>
		<identifier>Nokia/3620</identifier>
		<groups>Series60</groups>
		<features>hasCamera</features>
		<capability name="OS" value="Symbian OS 6.1"/>
		<capability name="ScreenSize" value="176x208"/>
		<capability name="BitsPerPixel" value="16"/>
		<capability name="JavaPackage" value="mmapi, wmapi" />
		<capability name="JavaPlatform" value="MIDP/1.0" />
		<capability name="VideoFormat" value="3GPP" />
		<capability name="SoundFormat" value="midi, amr" />
		<capability name="HeapSize" value="dynamic" />
		<capability name="MaxJarSize" value="4mb" />
		<capability name="CameraResolution" value="vga" />
		<capability name="CameraZoom" value="0" />
	</device>

	<device>
		<identifier>Nokia/6600</identifier>
		<groups>Series60</groups>
		<features>hasCamera</features>
		<capability name="OS" value="Symbian OS 7.0s"/>
		<capability name="ScreenSize" value="176x208"/>
		<capability name="BitsPerPixel" value="16"/>
		<capability name="JavaPackage" value="mmapi, wmapi, btapi" />
		<capability name="JavaPlatform" value="MIDP/2.0" />
		<capability name="VideoFormat" value="3GPP" />
		<capability name="SoundFormat" value="midi, True Tones" />
		<capability name="HeapSize" value="3mb" />
		<capability name="MaxJarSize" value="dynamic" />
		<capability name="CameraResolution" value="vga" />
		<capability name="CameraZoom" value="2" />
	</device>
	
	<device>
		<identifier>Nokia/3600</identifier>
		<groups>Series60</groups>
		<features>hasCamera</features>
		<capability name="OS" value="Symbian OS 6.1"/>
		<capability name="ScreenSize" value="176x208"/>
		<capability name="BitsPerPixel" value="12"/>
		<capability name="JavaPackage" value="mmapi, wmapi" />
		<capability name="JavaPlatform" value="MIDP/1.0" />
		<capability name="VideoFormat" value="3GPP" />
		<capability name="SoundFormat" value="midi, amr" />
		<capability name="HeapSize" value="dynamic" />
		<capability name="MaxJarSize" value="4mb" />
		<capability name="CameraResolution" value="vga" />
		<capability name="CameraZoom" value="0" />
	</device>
		
	<device>
		<identifier>Nokia/N-Gage</identifier>
		<groups>Series60</groups>
		<capability name="OS" value="Symbian OS 6.1"/>
		<capability name="ScreenSize" value="176x208"/>
		<capability name="BitsPerPixel" value="12"/>
		<capability name="JavaPackage" value="mmapi, wmapi" />
		<capability name="JavaPlatform" value="MIDP/1.0" />
		<capability name="VideoFormat" value="3GPP" />
		<capability name="SoundFormat" value="midi, amr,  WAV, MP3, AAC" />
		<capability name="HeapSize" value="dynamic" />
		<capability name="MaxJarSize" value="4mb" />
	</device>
		
	<device>
		<identifier>Nokia/3650</identifier>
		<groups>Series60</groups>
		<features>hasCamera</features>
		<capability name="OS" value="Symbian OS 6.1"/>
		<capability name="ScreenSize" value="176x208"/>
		<capability name="BitsPerPixel" value="12"/>
		<capability name="JavaPackage" value="mmapi, wmapi" />
		<capability name="JavaPlatform" value="MIDP/1.0" />
		<capability name="VideoFormat" value="3GPP" />
		<capability name="SoundFormat" value="midi, amr" />
		<capability name="HeapSize" value="dynamic" />
		<capability name="MaxJarSize" value="4mb" />
		<capability name="CameraResolution" value="vga" />
		<capability name="CameraZoom" value="0" />
	</device>
	
	<device>
		<identifier>Nokia/7650</identifier>
		<groups>Series60</groups>
		<features>hasCamera</features>
		<capability name="OS" value="Symbian OS 6.1"/>
		<capability name="ScreenSize" value="176x208"/>
		<capability name="BitsPerPixel" value="12"/>
		<capability name="JavaPlatform" value="MIDP/1.0" />
		<capability name="SoundFormat" value="midi, amr" />
		<capability name="HeapSize" value="dynamic" />
		<capability name="MaxJarSize" value="4mb" />
		<capability name="CameraResolution" value="vga" />
		<capability name="CameraZoom" value="0" />
	</device>
	
	<device>
		<identifier>Nokia/6255</identifier>
		<features>hasCamera</features>
		<capability name="ScreenSize" value="128x160"/>
		<capability name="BitsPerPixel" value="16"/>
		<capability name="JavaPackage" value="nokia-ui" />
		<capability name="JavaPlatform" value="MIDP/2.0" />
		<capability name="VideoFormat" value="3GPP" />
		<capability name="SoundFormat" value="midi, mp3, aac" />
		<capability name="CameraResolution" value="vga" />
		<capability name="CameraZoom" value="3" />
	</device>
	
	<device>
		<identifier>Nokia/9500</identifier>
		<groups>Series80</groups>
		<features>hasCamera</features>
		<capability name="OS" value="Symbian OS 7.0s"/>
		<capability name="ScreenSize" value="640x200"/>
		<capability name="BitsPerPixel" value="16"/>
		<capability name="JavaPackage" value="mmapi, wmapi, btapi, pda-api" />
		<capability name="JavaPlatform" value="MIDP/2.0" />
		<capability name="VideoFormat" value="3GPP,  MPEG-4, RealVideo" />
		<capability name="SoundFormat" value="midi, amr, wav, mp3, aac" />
		<capability name="HeapSize" value="20mb" />
		<capability name="MaxJarSize" value="dynamic" />
		<capability name="CameraResolution" value="vga" />
		<capability name="CameraZoom" value="0" />
	</device>
	
	<device>
		<identifier>Nokia/5140</identifier>
		<groups>Series40</groups>
		<features>hasCamera</features>
		<capability name="ScreenSize" value="128x128"/>
		<capability name="BitsPerPixel" value="12"/>
		<capability name="JavaPackage" value="mmapi, wmapi" />
		<capability name="JavaPlatform" value="MIDP/2.0" />
		<capability name="VideoFormat" value="3GPP" />
		<capability name="SoundFormat" value="midi, amr" />
		<capability name="HeapSize" value="512kb" />
		<capability name="MaxJarSize" value="128kb" />
		<capability name="CameraResolution" value="vga" />
		<capability name="CameraZoom" value="0" />
	</device>
	
	<device>
		<identifier>Nokia/7700</identifier>
		<groups>Series90</groups>
		<features>hasCamera</features>
		<capability name="OS" value="Symbian OS 7.0s"/>
		<capability name="ScreenSize" value="640x320"/>
		<capability name="BitsPerPixel" value="16"/>
		<capability name="JavaPackage" value="mmapi, wmapi, btapi" />
		<capability name="JavaPlatform" value="MIDP/2.0" />
		<capability name="VideoFormat" value="3GPP, MPEG-4, RealVideo" />
		<capability name="SoundFormat" value="midi, amr, WAV, MP3, AAC, RealAudio" />
		<capability name="HeapSize" value="dynamic" />
		<capability name="MaxJarSize" value="dynamic" />
		<capability name="CameraResolution" value="vga" />
		<capability name="CameraZoom" value="0" />
	</device>
	
	<device>
		<identifier>Nokia/6230</identifier>
		<groups>Series40</groups>
		<features>hasCamera</features>
		<capability name="ScreenSize" value="128x128"/>
		<capability name="BitsPerPixel" value="16"/>
		<capability name="JavaPackage" value="mmapi, wmapi, btapi" />
		<capability name="JavaPlatform" value="MIDP/2.0" />
		<capability name="VideoFormat" value="3GPP" />
		<capability name="SoundFormat" value="midi, amr, MP3, AAC" />
		<capability name="HeapSize" value="512kb" />
		<capability name="MaxJarSize" value="128kb" />
		<capability name="CameraResolution" value="vga" />
		<capability name="CameraZoom" value="0" />
	</device>
	
	<device>
		<identifier>Nokia/3220</identifier>
		<groups>Series40</groups>
		<features>hasCamera</features>
		<capability name="ScreenSize" value="128x128"/>
		<capability name="BitsPerPixel" value="16"/>
		<capability name="JavaPackage" value="Nokia-UI, WMAPI, MMAPI" />
		<capability name="JavaPlatform" value="MIDP/2.0" />
		<capability name="VideoFormat" value="3GPP" />
		<capability name="SoundFormat" value="midi" />
		<capability name="HeapSize" value="512kb" />
		<capability name="MaxJarSize" value="128kb" />
		<capability name="CameraResolution" value="vga" />
		<capability name="CameraZoom" value="0" />
	</device>

	<device>
		<identifier>Nokia/6610i</identifier>
		<groups>Series40</groups>
		<features>hasCamera</features>
		<capability name="ScreenSize" value="128x128"/>
		<capability name="BitsPerPixel" value="12"/>
		<capability name="JavaPackage" value="Nokia-UI" />
		<capability name="JavaPlatform" value="MIDP/1.0" />
		<capability name="SoundFormat" value="midi" />
		<capability name="HeapSize" value="200kb" />
		<capability name="MaxJarSize" value="64kb" />
		<capability name="CameraResolution" value="cif" />
		<capability name="CameraZoom" value="0" />
	</device>
	
	<device>
		<identifier>Nokia/3120</identifier>
		<groups>Series40</groups>
		<capability name="ScreenSize" value="128x128"/>
		<capability name="BitsPerPixel" value="12"/>
		<capability name="JavaPackage" value="Nokia-UI" />
		<capability name="JavaPlatform" value="MIDP/1.0" />
		<capability name="SoundFormat" value="midi" />
		<capability name="HeapSize" value="210kb" />
		<capability name="MaxJarSize" value="64kb" />
	</device>
		
	<device>
		<identifier>Nokia/3108</identifier>
		<groups>Series40</groups>
		<capability name="ScreenSize" value="128x128"/>
		<capability name="BitsPerPixel" value="12"/>
		<capability name="JavaPackage" value="Nokia-UI" />
		<capability name="JavaPlatform" value="MIDP/1.0" />
		<capability name="SoundFormat" value="midi" />
		<capability name="HeapSize" value="540kb" />
		<capability name="MaxJarSize" value="64kb" />
	</device>
	
	<device>
		<identifier>Nokia/6010</identifier>
		<groups>Series40</groups>
		<capability name="ScreenSize" value="96x65"/>
		<capability name="BitsPerPixel" value="12"/>
		<capability name="JavaPackage" value="Nokia-UI, WMAPI" />
		<capability name="JavaPlatform" value="MIDP/1.0" />
		<capability name="SoundFormat" value="midi" />
		<capability name="HeapSize" value="200kb" />
		<capability name="MaxJarSize" value="64kb" />
	</device>
	
	<device>
		<identifier>Nokia/6810</identifier>
		<groups>Series40</groups>
		<capability name="ScreenSize" value="128x128"/>
		<capability name="BitsPerPixel" value="12"/>
		<capability name="JavaPackage" value="Nokia-UI, WMAPI" />
		<capability name="JavaPlatform" value="MIDP/1.0" />
		<capability name="SoundFormat" value="midi, amr" />
		<capability name="HeapSize" value="230kb" />
		<capability name="MaxJarSize" value="64kb" />
	</device>
	
	<device>
		<identifier>Nokia/7200</identifier>
		<groups>Series40</groups>
		<features>hasCamera</features>
		<capability name="ScreenSize" value="128x128"/>
		<capability name="BitsPerPixel" value="16"/>
		<capability name="JavaPackage" value="Nokia-UI, WMAPI" />
		<capability name="JavaPlatform" value="MIDP/1.0" />
		<capability name="VideoFormat" value="3GPP, mpeg-4" />
		<capability name="SoundFormat" value="midi, amr" />
		<capability name="HeapSize" value="200kb" />
		<capability name="MaxJarSize" value="64kb" />
		<capability name="CameraResolution" value="vga" />
		<capability name="CameraZoom" value="0" />
	</device>
	
	<device>
		<identifier>Nokia/6820</identifier>
		<groups>Series40</groups>
		<features>hasCamera</features>
		<capability name="ScreenSize" value="128x128"/>
		<capability name="BitsPerPixel" value="12"/>
		<capability name="JavaPackage" value="Nokia-UI, WMAPI" />
		<capability name="JavaPlatform" value="MIDP/1.0" />
		<capability name="VideoFormat" value="3GPP" />
		<capability name="SoundFormat" value="midi, amr" />
		<capability name="HeapSize" value="230kb" />
		<capability name="MaxJarSize" value="64kb" />
		<capability name="CameraResolution" value="cif" />
		<capability name="CameraZoom" value="0" />
	</device>
	
	<device>
		<identifier>Nokia/7600</identifier>
		<groups>Series40</groups>
		<features>hasCamera</features>
		<capability name="ScreenSize" value="128x160"/>
		<capability name="BitsPerPixel" value="16"/>
		<capability name="JavaPackage" value="Nokia-UI, WMAPI, MMAPI" />
		<capability name="JavaPlatform" value="MIDP/1.0" />
		<capability name="VideoFormat" value="3GPP" />
		<capability name="SoundFormat" value="midi, amr, mp3, aac" />
		<capability name="HeapSize" value="1MB" />
		<capability name="MaxJarSize" value="348kb" />
		<capability name="CameraResolution" value="vga" />
		<capability name="CameraZoom" value="0" />
	</device>
	
	<device>
		<identifier>Nokia/3200</identifier>
		<groups>Series40</groups>
		<features>hasCamera</features>
		<capability name="ScreenSize" value="128x128"/>
		<capability name="BitsPerPixel" value="12"/>
		<capability name="JavaPackage" value="Nokia-UI, WMAPI" />
		<capability name="JavaPlatform" value="MIDP/1.0" />
		<capability name="SoundFormat" value="midi, amr" />
		<capability name="HeapSize" value="210kb" />
		<capability name="MaxJarSize" value="64kb" />
		<capability name="CameraResolution" value="cif" />
		<capability name="CameraZoom" value="0" />
	</device>
	
	<device>
		<identifier>Nokia/3100</identifier>
		<groups>Series40</groups>
		<capability name="ScreenSize" value="128x128"/>
		<capability name="BitsPerPixel" value="12"/>
		<capability name="JavaPackage" value="Nokia-UI, WMAPI" />
		<capability name="JavaPlatform" value="MIDP/1.0" />
		<capability name="SoundFormat" value="midi" />
		<capability name="HeapSize" value="210kb" />
		<capability name="MaxJarSize" value="64kb" />
	</device>
	
	<device>
		<identifier>Nokia/6108</identifier>
		<groups>Series40</groups>
		<capability name="ScreenSize" value="128x128"/>
		<capability name="BitsPerPixel" value="12"/>
		<capability name="JavaPackage" value="Nokia-UI" />
		<capability name="JavaPlatform" value="MIDP/1.0" />
		<capability name="SoundFormat" value="midi" />
		<capability name="HeapSize" value="200kb" />
		<capability name="MaxJarSize" value="64kb" />
	</device>
	
	<device>
		<identifier>Nokia/7250i</identifier>
		<groups>Series40</groups>
		<features>hasCamera</features>
		<capability name="ScreenSize" value="128x128"/>
		<capability name="BitsPerPixel" value="12"/>
		<capability name="JavaPackage" value="Nokia-UI, WMAPI" />
		<capability name="JavaPlatform" value="MIDP/1.0" />
		<capability name="SoundFormat" value="midi" />
		<capability name="HeapSize" value="200kb" />
		<capability name="MaxJarSize" value="64kb" />
		<capability name="CameraResolution" value="cif" />
		<capability name="CameraZoom" value="0" />
	</device>
	
	<device>
		<identifier>Nokia/3300</identifier>
		<groups>Series40</groups>
		<capability name="ScreenSize" value="128x128"/>
		<capability name="BitsPerPixel" value="12"/>
		<capability name="JavaPackage" value="Nokia-UI, WMAPI, MMAPI" />
		<capability name="JavaPlatform" value="MIDP/1.0" />
		<capability name="SoundFormat" value="midi, true tones, mp3, aac" />
		<capability name="HeapSize" value="370kb" />
		<capability name="MaxJarSize" value="64kb" />
	</device>
	
	<device>
		<identifier>Nokia/6220</identifier>
		<groups>Series40</groups>
		<features>hasCamera</features>
		<capability name="ScreenSize" value="128x128"/>
		<capability name="BitsPerPixel" value="12"/>
		<capability name="JavaPackage" value="Nokia-UI, WMAPI" />
		<capability name="JavaPlatform" value="MIDP/1.0" />
		<capability name="SoundFormat" value="midi" />
		<capability name="HeapSize" value="235kb" />
		<capability name="MaxJarSize" value="64kb" />
		<capability name="CameraResolution" value="cif" />
		<capability name="CameraZoom" value="0" />
	</device>	
	
	<device>
		<identifier>Nokia/3595</identifier>
		<groups>Series40</groups>
		<capability name="ScreenSize" value="96x65"/>
		<capability name="BitsPerPixel" value="12"/>
		<capability name="JavaPackage" value="Nokia-UI, WMAPI" />
		<capability name="JavaPlatform" value="MIDP/1.0" />
		<capability name="SoundFormat" value="midi" />
		<capability name="HeapSize" value="200kb" />
		<capability name="MaxJarSize" value="64kb" />
	</device>

	<device>
		<identifier>Nokia/6800</identifier>
		<groups>Series40</groups>
		<capability name="ScreenSize" value="128x128"/>
		<capability name="BitsPerPixel" value="12"/>
		<capability name="JavaPackage" value="Nokia-UI, WMAPI" />
		<capability name="JavaPlatform" value="MIDP/1.0" />
		<capability name="SoundFormat" value="midi" />
		<capability name="HeapSize" value="200kb" />
		<capability name="MaxJarSize" value="64kb" />
	</device>
	
	<device>
		<identifier>Nokia/6200</identifier>
		<groups>Series40</groups>
		<capability name="ScreenSize" value="128x128"/>
		<capability name="BitsPerPixel" value="12"/>
		<capability name="JavaPackage" value="Nokia-UI" />
		<capability name="JavaPlatform" value="MIDP/1.0" />
		<capability name="SoundFormat" value="midi" />
		<capability name="HeapSize" value="200kb" />
		<capability name="MaxJarSize" value="64kb" />
	</device>
	
	<device>
		<identifier>Nokia/6100</identifier>
		<groups>Series40</groups>
		<capability name="ScreenSize" value="128x160"/>
		<capability name="BitsPerPixel" value="12"/>
		<capability name="JavaPackage" value="Nokia-UI" />
		<capability name="JavaPlatform" value="MIDP/1.0" />
		<capability name="SoundFormat" value="midi" />
		<capability name="HeapSize" value="200kb" />
		<capability name="MaxJarSize" value="64kb" />
	</device>
	
	<device>
		<identifier>Nokia/8910i</identifier>
		<groups>Series40</groups>
		<capability name="ScreenSize" value="96x65"/>
		<capability name="BitsPerPixel" value="12"/>
		<capability name="JavaPackage" value="Nokia-UI" />
		<capability name="JavaPlatform" value="MIDP/1.0" />
		<capability name="HeapSize" value="200kb" />
		<capability name="MaxJarSize" value="64kb" />
	</device>	
	
	<device>
		<identifier>Nokia/7250</identifier>
		<groups>Series40</groups>
		<features>hasCamera</features>
		<capability name="ScreenSize" value="128x160"/>
		<capability name="BitsPerPixel" value="12"/>
		<capability name="JavaPackage" value="Nokia-UI" />
		<capability name="JavaPlatform" value="MIDP/1.0" />
		<capability name="SoundFormat" value="midi" />
		<capability name="HeapSize" value="200kb" />
		<capability name="MaxJarSize" value="64kb" />
		<capability name="CameraResolution" value="cif" />
		<capability name="CameraZoom" value="0" />
	</device>
	
	<device>
		<identifier>Nokia/5100</identifier>
		<groups>Series40</groups>
		<capability name="ScreenSize" value="128x160"/>
		<capability name="BitsPerPixel" value="12"/>
		<capability name="JavaPackage" value="Nokia-UI" />
		<capability name="JavaPlatform" value="MIDP/1.0" />
		<capability name="SoundFormat" value="midi" />
		<capability name="HeapSize" value="200kb" />
		<capability name="MaxJarSize" value="64kb" />
	</device>
	
	<device>
		<identifier>Nokia/6650</identifier>
		<groups>Series40</groups>
		<features>hasCamera</features>
		<capability name="ScreenSize" value="128x160"/>
		<capability name="BitsPerPixel" value="12"/>
		<capability name="JavaPackage" value="Nokia-UI" />
		<capability name="JavaPlatform" value="MIDP/1.0" />
		<capability name="SoundFormat" value="midi" />
		<capability name="HeapSize" value="819kb" />
		<capability name="MaxJarSize" value="64kb" />
		<capability name="CameraResolution" value="vga" />
		<capability name="CameraZoom" value="0" />
	</device>
	
	<device>
		<identifier>Nokia/3530</identifier>
		<groups>Series40</groups>
		<capability name="ScreenSize" value="96x65"/>
		<capability name="BitsPerPixel" value="12"/>
		<capability name="JavaPackage" value="Nokia-UI" />
		<capability name="JavaPlatform" value="MIDP/1.0" />
		<capability name="SoundFormat" value="midi" />
		<capability name="HeapSize" value="200kb" />
		<capability name="MaxJarSize" value="64kb" />
	</device>
	
	<device>
		<identifier>Nokia/3510i</identifier>
		<groups>Series40</groups>
		<capability name="ScreenSize" value="96x65"/>
		<capability name="BitsPerPixel" value="12"/>
		<capability name="JavaPackage" value="Nokia-UI" />
		<capability name="JavaPlatform" value="MIDP/1.0" />
		<capability name="SoundFormat" value="midi" />
		<capability name="HeapSize" value="200kb" />
		<capability name="MaxJarSize" value="64kb" />
	</device>
	
	<device>
		<identifier>Nokia/6610</identifier>
		<groups>Series40</groups>
		<capability name="ScreenSize" value="128x128"/>
		<capability name="BitsPerPixel" value="12"/>
		<capability name="JavaPackage" value="Nokia-UI" />
		<capability name="JavaPlatform" value="MIDP/1.0" />
		<capability name="SoundFormat" value="midi" />
		<capability name="HeapSize" value="200kb" />
		<capability name="MaxJarSize" value="64kb" />
	</device>
	
	<device>
		<identifier>Nokia/7210</identifier>
		<groups>Series40</groups>
		<capability name="ScreenSize" value="128x128"/>
		<capability name="BitsPerPixel" value="12"/>
		<capability name="JavaPackage" value="Nokia-UI" />
		<capability name="JavaPlatform" value="MIDP/1.0" />
		<capability name="SoundFormat" value="midi" />
		<capability name="HeapSize" value="200kb" />
		<capability name="MaxJarSize" value="64kb" />
	</device>
	
<!-- Siemens devices -->
	<device 
		supportsPolishGui="true">
		<identifier>Siemens/SX1</identifier>
		<capability name="JavaPlatform" value="MIDP/1.0" />
		<capability name="JavaPackage" value="nokia-ui-replacement" />
	</device>
</devices>